t,phase,dz,bz,ex,ey,ez
0.482,grasp,0.15297,0.02,0.25001,0.0,0.11
0.866,grasp,0.15297,0.02,0.25001,0.0,0.11
1.134,grasp,0.15297,0.02,0.25001,0.0,0.11
1.345,grasp,0.15297,0.02,0.25001,0.0,0.11
1.534,grasp,0.15297,0.02,0.25001,0.0,0.11
1.73,grasp,0.15297,0.02,0.25001,0.0,0.11
1.941,grasp,0.15297,0.02,0.25001,0.0,0.11
2.12,grasp,0.15297,0.02,0.25001,0.0,0.11
2.296,grasp,0.15297,0.02,0.25001,0.0,0.11
2.544,grasp,0.15297,0.02,0.25001,0.0,0.11
2.781,grasp,0.15297,0.02,0.25001,0.0,0.11
2.983,grasp,0.15297,0.02,0.25001,0.0,0.11
3.219,grasp,0.15297,0.02,0.25001,0.0,0.11
3.398,grasp,0.15297,0.02,0.25001,0.0,0.11
3.591,grasp,0.15297,0.02,0.25001,0.0,0.11
3.767,grasp,0.15297,0.02,0.25001,0.0,0.11
3.935,grasp,0.15297,0.02,0.25001,0.0,0.11
4.149,grasp,0.15297,0.02,0.25001,0.0,0.11
4.332,grasp,0.15297,0.02,0.25001,0.0,0.11
4.517,grasp,0.15297,0.02,0.25001,0.0,0.11
4.701,grasp,0.15297,0.02,0.25001,0.0,0.11
4.967,grasp,0.15297,0.02,0.25001,0.0,0.11
5.14,grasp,0.15297,0.02,0.25001,0.0,0.11
5.321,grasp,0.15297,0.02,0.25001,0.0,0.11
5.491,grasp,0.15297,0.02,0.25001,0.0,0.11
5.697,grasp,0.15297,0.02,0.25001,0.0,0.11
5.885,grasp,0.15297,0.02,0.25001,0.0,0.11
6.058,grasp,0.15297,0.02,0.25001,0.0,0.11
6.288,grasp,0.15297,0.02,0.25001,0.0,0.11
6.449,grasp,0.15297,0.02,0.25001,0.0,0.11
6.627,grasp,0.15297,0.02,0.25001,0.0,0.11
6.819,grasp,0.15297,0.02,0.25001,0.0,0.11
6.979,grasp,0.15297,0.02,0.25001,0.0,0.11
7.164,grasp,0.15297,0.02,0.25001,0.0,0.11
7.324,grasp,0.15297,0.02,0.25001,0.0,0.11
7.509,grasp,0.15297,0.02,0.25001,0.0,0.11
7.726,grasp,0.15297,0.02,0.25001,0.0,0.11
7.913,grasp,0.15297,0.02,0.25001,0.0,0.11
8.096,grasp,0.15297,0.02,0.25001,0.0,0.11
8.262,grasp,0.15297,0.02,0.25001,0.0,0.11
8.444,grasp,0.15297,0.02,0.25001,0.0,0.11
8.615,grasp,0.15297,0.02,0.25001,0.0,0.11
8.771,grasp,0.15297,0.02,0.25001,0.0,0.11
8.936,grasp,0.15297,0.02,0.25001,0.0,0.11
9.124,grasp,0.15297,0.02,0.25001,0.0,0.11
9.31,grasp,0.15297,0.02,0.25001,0.0,0.11
9.53,grasp,0.15297,0.02,0.25001,0.0,0.11
9.775,grasp,0.15297,0.02,0.25001,0.0,0.11
9.991,grasp,0.15297,0.02,0.25001,0.0,0.11
10.208,grasp,0.15297,0.02,0.25001,0.0,0.11
10.41,grasp,0.15297,0.02,0.25001,0.0,0.11
10.643,grasp,0.15297,0.02,0.25001,0.0,0.11
10.891,grasp,0.15297,0.02,0.25001,0.0,0.11
11.159,grasp,0.15297,0.02,0.25001,0.0,0.11
11.358,grasp,0.15297,0.02,0.25001,0.0,0.11
11.552,grasp,0.15297,0.02,0.25001,0.0,0.11
11.751,grasp,0.15297,0.02,0.25001,0.0,0.11
11.933,grasp,0.15297,0.02,0.25001,0.0,0.11
12.11,grasp,0.15297,0.02,0.25001,0.0,0.11
12.311,grasp,0.15297,0.02,0.25001,0.0,0.11
12.493,grasp,0.15297,0.02,0.25001,0.0,0.11
12.679,grasp,0.15297,0.02,0.25001,0.0,0.11
12.879,grasp,0.15297,0.02,0.25001,0.0,0.11
13.141,grasp,0.15297,0.02,0.25001,0.0,0.11
13.347,grasp,0.15297,0.02,0.25001,0.0,0.11
13.536,grasp,0.15297,0.02,0.25001,0.0,0.11
13.732,grasp,0.15297,0.02,0.25001,0.0,0.11
13.941,grasp,0.15297,0.02,0.25001,0.0,0.11
14.13,grasp,0.15297,0.02,0.25001,0.0,0.11
14.346,grasp,0.15297,0.02,0.25001,0.0,0.11
14.563,grasp,0.15297,0.02,0.25001,0.0,0.11
14.767,grasp,0.15297,0.02,0.25001,0.0,0.11
14.966,grasp,0.15297,0.02,0.25001,0.0,0.11
15.158,grasp,0.15297,0.02,0.25001,0.0,0.11
15.363,grasp,0.15297,0.02,0.25001,0.0,0.11
15.554,grasp,0.15297,0.02,0.25001,0.0,0.11
15.755,grasp,0.15297,0.02,0.25001,0.0,0.11
15.948,grasp,0.15297,0.02,0.25001,0.0,0.11
16.132,grasp,0.15297,0.02,0.25001,0.0,0.11
16.337,grasp,0.15297,0.02,0.25001,0.0,0.11
16.529,grasp,0.15297,0.02,0.25001,0.0,0.11
16.736,grasp,0.15297,0.02,0.25001,0.0,0.11
16.959,grasp,0.15297,0.02,0.25001,0.0,0.11
17.168,grasp,0.15297,0.02,0.25001,0.0,0.11
17.387,grasp,0.15297,0.02,0.25001,0.0,0.11
17.631,grasp,0.15297,0.02,0.25001,0.0,0.11
17.849,grasp,0.15297,0.02,0.25001,0.0,0.11
18.148,grasp,0.15297,0.02,0.25001,0.0,0.11
18.332,grasp,0.15297,0.02,0.25001,0.0,0.11
18.514,grasp,0.15297,0.02,0.25001,0.0,0.11
18.716,grasp,0.15297,0.02,0.25001,0.0,0.11
18.898,grasp,0.15297,0.02,0.25001,0.0,0.11
19.085,grasp,0.15297,0.02,0.25001,0.0,0.11
19.269,grasp,0.15297,0.02,0.25001,0.0,0.11
19.466,grasp,0.15297,0.02,0.25001,0.0,0.11
19.699,grasp,0.15297,0.02,0.25001,0.0,0.11
19.897,grasp,0.15297,0.02,0.25001,0.0,0.11
20.104,grasp,0.15297,0.02,0.25001,0.0,0.11
20.302,grasp,0.15297,0.02,0.25001,0.0,0.11
20.498,grasp,0.15297,0.02,0.25001,0.0,0.11
20.679,grasp,0.15297,0.02,0.25001,0.0,0.11
20.877,grasp,0.15297,0.02,0.25001,0.0,0.11
21.149,grasp,0.15297,0.02,0.25001,0.0,0.11
21.375,grasp,0.15293,0.02,0.25001,-6e-05,0.11
21.584,grasp,0.15212,0.02,0.25003,-0.00109,0.11
21.758,grasp,0.15055,0.02,0.25005,-0.00312,0.11
21.922,grasp,0.14798,0.02,0.25004,-0.00644,0.11
22.114,grasp,0.14443,0.02,0.24995,-0.01109,0.11
22.294,grasp,0.13997,0.02,0.24972,-0.01701,0.11001
22.457,grasp,0.13476,0.02,0.24924,-0.02406,0.11001
22.639,grasp,0.129,0.02,0.24844,-0.03208,0.11001
22.843,grasp,0.12088,0.02,0.24676,-0.04389,0.11001
23.038,grasp,0.1148,0.02,0.245,-0.05327,0.11001
23.201,grasp,0.10906,0.02,0.2428,-0.0628,0.11001
23.37,grasp,0.10389,0.02,0.2402,-0.07222,0.11001
23.546,grasp,0.10286,0.02,0.23971,-0.07402,0.10988
23.731,grasp,0.10047,0.02,0.2388,-0.0778,0.10922
23.905,grasp,0.09703,0.02,0.23779,-0.08259,0.10775
24.125,grasp,0.09427,0.02,0.23716,-0.08602,0.10625
24.334,grasp,0.08777,0.02,0.23611,-0.09293,0.10192
24.543,grasp,0.08211,0.02,0.23552,-0.09784,0.09753
24.924,grasp,0.07587,0.02,0.23504,-0.10235,0.09224
25.36,grasp,0.06675,0.02,0.23443,-0.10758,0.08398
25.789,grasp,0.05696,0.02,0.23365,-0.11181,0.07469
26.266,grasp,0.04936,0.02,0.23285,-0.11433,0.06732
26.772,grasp,0.0392,0.02,0.2314,-0.11683,0.05738
27.36,grasp,0.02943,0.02,0.22954,-0.11847,0.0478
27.9,grasp,0.02052,0.02,0.22741,-0.11939,0.03912
28.25,grasp,0.01296,0.02,0.22525,-0.11979,0.03184
28.79,grasp,0.00848,0.02,0.22382,-0.1199,0.02758
29.365,grasp,0.00423,0.02016,0.22238,-0.11994,0.02371
29.877,grasp,0.00207,0.02167,0.22211,-0.11995,0.02302
30.093,grasp,0.00236,0.02434,0.22181,-0.11995,0.02229
30.297,grasp,0.00383,0.02558,0.22175,-0.11999,0.02218
30.51,grasp,0.0037,0.01955,0.22191,-0.12007,0.02269
30.726,grasp,0.00546,0.01958,0.22264,-0.12028,0.02489
30.935,grasp,0.00828,0.0196,0.22357,-0.1205,0.02786
31.164,grasp,0.01241,0.01963,0.22476,-0.12075,0.03198
31.36,grasp,0.0197,0.01966,0.22646,-0.12109,0.03913
31.575,grasp,0.0262,0.01968,0.22762,-0.12132,0.04556
31.899,grasp,0.03334,0.01971,0.2285,-0.12149,0.05268
32.199,grasp,0.04345,0.01974,0.22903,-0.12159,0.06284
32.42,grasp,0.05112,0.01976,0.22887,-0.12156,0.0706
32.674,grasp,0.05858,0.01978,0.22823,-0.12145,0.07817
33.005,grasp,0.06776,0.01981,0.22677,-0.12119,0.08748
33.355,grasp,0.07373,0.01982,0.22542,-0.12095,0.09353
33.669,grasp,0.08005,0.01984,0.22364,-0.12064,0.09989
33.999,grasp,0.08329,0.01986,0.22258,-0.12045,0.10314
34.332,grasp,0.08549,0.01987,0.22181,-0.12032,0.10533
34.598,grasp,0.08698,0.01988,0.22125,-0.12022,0.10682
34.888,grasp,0.08825,0.01989,0.22077,-0.12013,0.10809
35.14,grasp,0.08885,0.0199,0.22053,-0.12009,0.10869
35.371,grasp,0.08926,0.01991,0.22036,-0.12006,0.1091
35.671,grasp,0.08953,0.01992,0.22025,-0.12004,0.10938
35.948,grasp,0.08972,0.01993,0.22017,-0.12003,0.10957
36.234,grasp,0.08984,0.01993,0.22012,-0.12002,0.1097
36.569,grasp,0.08992,0.01994,0.22008,-0.12001,0.10979
36.879,grasp,0.08999,0.01995,0.22005,-0.12001,0.10986
37.158,grasp,0.09003,0.01995,0.22004,-0.12001,0.1099
37.379,grasp,0.09005,0.01995,0.22003,-0.12,0.10992
37.595,grasp,0.09006,0.01996,0.22002,-0.12,0.10994
37.816,grasp,0.09007,0.01996,0.22002,-0.12,0.10995
38.061,grasp,0.09007,0.01997,0.22001,-0.12,0.10996
38.329,grasp,0.09007,0.01997,0.22001,-0.12,0.10996
38.535,grasp,0.09008,0.01997,0.22001,-0.12,0.10997
38.735,grasp,0.09008,0.01997,0.22001,-0.12,0.10997
38.923,grasp,0.09008,0.01998,0.22001,-0.12,0.10997
39.172,grasp,0.09007,0.01998,0.22001,-0.12,0.10997
39.42,grasp,0.09007,0.01998,0.22001,-0.12,0.10997
39.631,grasp,0.09007,0.01998,0.22001,-0.12,0.10997
40.048,grasp,0.09007,0.01998,0.22001,-0.12,0.10997
40.426,grasp,0.09007,0.01999,0.22001,-0.12,0.10997
40.618,grasp,0.09007,0.01999,0.22009,-0.11985,0.10997
40.798,grasp,0.09007,0.01999,0.22043,-0.11922,0.10997
41.006,grasp,0.09009,0.01999,0.22119,-0.11778,0.10997
41.303,grasp,0.09025,0.01999,0.22288,-0.11455,0.10998
41.52,grasp,0.09055,0.01999,0.22449,-0.11134,0.10998
41.724,grasp,0.09109,0.01999,0.2263,-0.10758,0.10998
42.019,grasp,0.09233,0.01999,0.22907,-0.10149,0.10998
42.467,grasp,0.09668,0.01999,0.23458,-0.08786,0.10998
42.704,grasp,0.10384,0.02,0.23978,-0.07224,0.10999
43.161,grasp,0.11138,0.02,0.24334,-0.05887,0.10999
43.35,grasp,0.12586,0.02,0.24753,-0.03678,0.10999
43.539,grasp,0.13221,0.02,0.24863,-0.02789,0.10999
43.722,grasp,0.1379,0.02,0.24933,-0.02019,0.11
43.909,grasp,0.14247,0.02,0.2497,-0.01414,0.11
44.075,grasp,0.14592,0.02,0.24989,-0.00963,0.11
44.335,grasp,0.1483,0.02,0.24997,-0.00657,0.11
44.52,grasp,0.15035,0.02,0.25,-0.00394,0.11
44.746,grasp,0.15134,0.02,0.25001,-0.00268,0.11
44.907,grasp,0.15181,0.02,0.25001,-0.00208,0.11
45.105,grasp,0.15233,0.02,0.25001,-0.00141,0.11
45.302,grasp,0.15269,0.02,0.25001,-0.00096,0.11
45.48,grasp,0.15299,0.02,0.25001,-0.00058,0.11
45.681,grasp,0.15314,0.02,0.25001,-0.00039,0.11
45.874,grasp,0.15327,0.02,0.25001,-0.00023,0.11
46.033,grasp,0.15331,0.02,0.25001,-0.00018,0.11
46.314,grasp,0.15335,0.02,0.25001,-0.00012,0.11
46.508,grasp,0.1534,0.02,0.25001,-6e-05,0.11
46.688,grasp,0.15342,0.02,0.25001,-4e-05,0.11
46.887,grasp,0.15343,0.02,0.25001,-3e-05,0.11
47.063,grasp,0.15344,0.02,0.25001,-2e-05,0.11
47.315,grasp,0.15344,0.02,0.25001,-1e-05,0.11
47.485,grasp,0.15345,0.02,0.25001,-1e-05,0.11
47.694,grasp,0.15345,0.02,0.25001,-0.0,0.11
47.873,grasp,0.15345,0.02,0.25001,-0.0,0.11
48.055,grasp,0.15345,0.02,0.25001,-0.0,0.11
48.244,grasp,0.15345,0.02,0.25001,0.0,0.11
48.472,grasp,0.15345,0.02,0.25001,0.0,0.11
48.663,grasp,0.15345,0.02,0.25001,0.0,0.11
48.856,grasp,0.15345,0.02,0.25001,0.0,0.11
49.031,grasp,0.15345,0.02,0.25001,0.0,0.11
49.215,grasp,0.15345,0.02,0.25001,0.0,0.11
49.414,grasp,0.15345,0.02,0.25001,0.0,0.11
49.618,grasp,0.15345,0.02,0.25001,0.0,0.11
49.819,grasp,0.15345,0.02,0.25001,0.0,0.11
50.011,grasp,0.15345,0.02,0.25001,0.0,0.11
50.206,grasp,0.15345,0.02,0.25001,0.0,0.11
50.37,grasp,0.15345,0.02,0.25001,0.0,0.11
50.567,grasp,0.15345,0.02,0.25001,0.0,0.11
50.763,grasp,0.15345,0.02,0.25001,0.0,0.11
50.997,grasp,0.15345,0.02,0.25001,0.0,0.11
51.32,grasp,0.15345,0.02,0.25001,0.0,0.11
51.515,grasp,0.15345,0.02,0.25001,0.0,0.11
51.703,grasp,0.15345,0.02,0.25001,0.0,0.11
51.91,grasp,0.15345,0.02,0.25001,0.0,0.11
52.097,grasp,0.15345,0.02,0.25001,0.0,0.11
52.278,grasp,0.15345,0.02,0.25001,0.0,0.11
52.448,grasp,0.15345,0.02,0.25001,0.0,0.11
52.648,grasp,0.15345,0.02,0.25001,0.0,0.11
52.883,grasp,0.15345,0.02,0.25001,0.0,0.11
53.197,grasp,0.15345,0.02,0.25001,0.0,0.11
53.447,grasp,0.15345,0.02,0.25001,0.0,0.11
53.656,grasp,0.15345,0.02,0.25001,0.0,0.11
53.835,grasp,0.15345,0.02,0.25001,0.0,0.11
54.017,grasp,0.15345,0.02,0.25001,0.0,0.11
54.194,grasp,0.15345,0.02,0.25001,0.0,0.11
54.386,grasp,0.15345,0.02,0.25001,0.0,0.11
54.611,grasp,0.15345,0.02,0.25001,0.0,0.11
54.832,grasp,0.15345,0.02,0.25001,0.0,0.11
55.043,grasp,0.15345,0.02,0.25001,0.0,0.11
55.243,grasp,0.15345,0.02,0.25001,0.0,0.11
55.427,grasp,0.15345,0.02,0.25001,0.0,0.11
55.623,grasp,0.15345,0.02,0.25001,0.0,0.11
55.82,grasp,0.15345,0.02,0.25001,0.0,0.11
56.067,grasp,0.15345,0.02,0.25001,0.0,0.11
56.273,grasp,0.15345,0.02,0.25001,0.0,0.11
56.463,grasp,0.15345,0.02,0.25001,0.0,0.11
56.651,grasp,0.15345,0.02,0.25001,0.0,0.11
56.839,grasp,0.15345,0.02,0.25001,0.0,0.11
57.015,grasp,0.15345,0.02,0.25001,0.0,0.11
57.197,grasp,0.15345,0.02,0.25001,0.0,0.11
57.373,grasp,0.15345,0.02,0.25001,0.0,0.11
57.568,grasp,0.15345,0.02,0.25001,0.0,0.11
57.79,grasp,0.15345,0.02,0.25001,0.0,0.11
57.971,grasp,0.15345,0.02,0.25001,0.0,0.11
58.145,grasp,0.15345,0.02,0.25001,0.0,0.11
58.353,grasp,0.15345,0.02,0.25001,0.0,0.11
58.551,grasp,0.15345,0.02,0.25001,0.0,0.11
58.738,grasp,0.15345,0.02,0.25001,0.0,0.11
58.923,grasp,0.15345,0.02,0.25001,0.0,0.11
59.105,grasp,0.15345,0.02,0.25001,0.0,0.11
59.299,grasp,0.15345,0.02,0.25001,0.0,0.11
59.472,grasp,0.15345,0.02,0.25001,0.0,0.11
59.666,grasp,0.15345,0.02,0.25001,0.0,0.11
59.851,grasp,0.15345,0.02,0.25001,0.0,0.11
60.015,grasp,0.15345,0.02,0.25001,0.0,0.11
60.213,grasp,0.15345,0.02,0.25001,0.0,0.11
60.411,grasp,0.15345,0.02,0.25001,0.0,0.11
60.618,grasp,0.15345,0.02,0.25001,0.0,0.11
60.826,grasp,0.15345,0.02,0.25001,0.0,0.11
61.007,grasp,0.15345,0.02,0.25001,0.0,0.11
61.196,grasp,0.15345,0.02,0.25001,0.0,0.11
61.381,grasp,0.15345,0.02,0.25001,0.0,0.11
61.585,grasp,0.15345,0.02,0.25001,0.0,0.11
61.764,grasp,0.15345,0.02,0.25001,0.0,0.11
61.95,grasp,0.15345,0.02,0.25001,0.0,0.11
62.139,grasp,0.15345,0.02,0.25001,0.0,0.11
62.352,grasp,0.15345,0.02,0.25001,0.0,0.11
62.556,grasp,0.15345,0.02,0.25001,0.0,0.11
62.746,grasp,0.15345,0.02,0.25001,0.0,0.11
62.941,grasp,0.15345,0.02,0.25001,0.0,0.11
63.144,grasp,0.15345,0.02,0.25001,0.0,0.11
63.343,grasp,0.15345,0.02,0.25001,0.0,0.11
63.552,grasp,0.15345,0.02,0.25001,0.0,0.11
63.758,grasp,0.15345,0.02,0.25001,0.0,0.11
63.961,grasp,0.15345,0.02,0.25001,0.0,0.11
64.152,grasp,0.15345,0.02,0.25001,0.0,0.11
64.352,grasp,0.15345,0.02,0.25001,0.0,0.11
64.542,grasp,0.15345,0.02,0.25001,0.0,0.11
64.721,grasp,0.15345,0.02,0.25001,0.0,0.11
64.893,grasp,0.15345,0.02,0.25001,0.0,0.11
65.072,grasp,0.15345,0.02,0.25001,0.0,0.11
65.254,grasp,0.15345,0.02,0.25001,0.0,0.11
65.426,grasp,0.15345,0.02,0.25001,0.0,0.11
65.621,grasp,0.15345,0.02,0.25001,0.0,0.11
65.818,grasp,0.15345,0.02,0.25001,0.0,0.11
65.986,grasp,0.15345,0.02,0.25001,0.0,0.11
66.163,grasp,0.15345,0.02,0.25001,0.0,0.11
66.361,grasp,0.15345,0.02,0.25001,0.0,0.11
66.528,grasp,0.15345,0.02,0.25001,0.0,0.11
66.689,grasp,0.15345,0.02,0.25001,0.0,0.11
66.867,grasp,0.15345,0.02,0.25001,0.0,0.11
67.058,grasp,0.15345,0.02,0.25001,0.0,0.11
67.22,grasp,0.15345,0.02,0.25001,0.0,0.11
67.394,grasp,0.15345,0.02,0.25001,0.0,0.11
67.6,grasp,0.15345,0.02,0.25001,0.0,0.11
67.8,grasp,0.15345,0.02,0.25001,0.0,0.11
67.973,grasp,0.15345,0.02,0.25001,0.0,0.11
68.137,grasp,0.15345,0.02,0.25001,0.0,0.11
68.293,grasp,0.15345,0.02,0.25001,0.0,0.11
68.461,grasp,0.15345,0.02,0.25001,0.0,0.11
68.624,grasp,0.15345,0.02,0.25001,0.0,0.11
68.793,grasp,0.15345,0.02,0.25001,0.0,0.11
68.974,grasp,0.15345,0.02,0.25001,0.0,0.11
69.143,grasp,0.15345,0.02,0.25001,0.0,0.11
69.328,grasp,0.15345,0.02,0.25001,0.0,0.11
69.507,grasp,0.15345,0.02,0.25001,0.0,0.11
69.677,grasp,0.15345,0.02,0.25001,0.0,0.11
69.859,grasp,0.15345,0.02,0.25001,0.0,0.11
70.034,grasp,0.15345,0.02,0.25001,0.0,0.11
70.212,grasp,0.15345,0.02,0.25001,0.0,0.11
70.394,grasp,0.15345,0.02,0.25001,0.0,0.11
70.565,grasp,0.15345,0.02,0.25001,0.0,0.11
70.75,grasp,0.15345,0.02,0.25001,0.0,0.11
70.916,grasp,0.15345,0.02,0.25001,0.0,0.11
71.104,grasp,0.15345,0.02,0.25001,0.0,0.11
71.276,grasp,0.15345,0.02,0.25001,0.0,0.11
71.441,grasp,0.15345,0.02,0.25001,0.0,0.11
71.624,grasp,0.15345,0.02,0.25001,0.0,0.11
71.796,grasp,0.15345,0.02,0.25001,0.0,0.11
71.974,grasp,0.15345,0.02,0.25001,0.0,0.11
72.163,grasp,0.15345,0.02,0.25001,0.0,0.11
72.34,grasp,0.15345,0.02,0.25001,0.0,0.11
72.554,grasp,0.15345,0.02,0.25001,0.0,0.11
72.744,grasp,0.15345,0.02,0.25001,0.0,0.11
72.931,grasp,0.15345,0.02,0.25001,0.0,0.11
73.13,grasp,0.15345,0.02,0.25001,0.0,0.11
73.29,grasp,0.15345,0.02,0.25001,0.0,0.11
73.46,grasp,0.15345,0.02,0.25001,0.0,0.11
73.654,grasp,0.15345,0.02,0.25001,0.0,0.11
73.828,grasp,0.15345,0.02,0.25001,0.0,0.11
74.013,grasp,0.15345,0.02,0.25001,0.0,0.11
74.176,grasp,0.15345,0.02,0.25001,0.0,0.11
74.363,grasp,0.15345,0.02,0.25001,0.0,0.11
74.556,grasp,0.15345,0.02,0.25001,0.0,0.11
74.747,grasp,0.15345,0.02,0.25001,0.0,0.11
74.924,grasp,0.15345,0.02,0.25001,0.0,0.11
75.112,grasp,0.15345,0.02,0.25001,0.0,0.11
75.295,grasp,0.15345,0.02,0.25001,0.0,0.11
75.498,grasp,0.15345,0.02,0.25001,0.0,0.11
75.669,grasp,0.15345,0.02,0.25001,0.0,0.11
75.838,grasp,0.15345,0.02,0.25001,0.0,0.11
76.038,grasp,0.15345,0.02,0.25001,0.0,0.11
76.21,grasp,0.15345,0.02,0.25001,0.0,0.11
76.389,grasp,0.15345,0.02,0.25001,0.0,0.11
76.582,grasp,0.15345,0.02,0.25001,0.0,0.11
76.763,grasp,0.15345,0.02,0.25001,0.0,0.11
76.946,grasp,0.15345,0.02,0.25001,0.0,0.11
77.131,grasp,0.15345,0.02,0.25001,0.0,0.11
77.306,grasp,0.15345,0.02,0.25001,0.0,0.11
77.486,grasp,0.15345,0.02,0.25001,0.0,0.11
77.666,grasp,0.15345,0.02,0.25001,0.0,0.11
77.839,grasp,0.15345,0.02,0.25001,0.0,0.11
78.047,grasp,0.15345,0.02,0.25001,0.0,0.11
78.222,grasp,0.15345,0.02,0.25001,0.0,0.11
78.393,grasp,0.15345,0.02,0.25001,0.0,0.11
78.577,grasp,0.15345,0.02,0.25001,0.0,0.11
78.762,grasp,0.15345,0.02,0.25001,0.0,0.11
78.949,grasp,0.15345,0.02,0.25001,0.0,0.11
79.124,grasp,0.15345,0.02,0.25001,0.0,0.11
79.302,grasp,0.15345,0.02,0.25001,0.0,0.11
79.499,grasp,0.15345,0.02,0.25001,0.0,0.11
79.677,grasp,0.15345,0.02,0.25001,0.0,0.11
79.849,grasp,0.15345,0.02,0.25001,0.0,0.11
80.038,grasp,0.15345,0.02,0.25001,0.0,0.11
80.204,grasp,0.15345,0.02,0.25001,0.0,0.11
80.379,grasp,0.15345,0.02,0.25001,0.0,0.11
80.643,grasp,0.15345,0.02,0.25001,0.0,0.11
80.921,grasp,0.15345,0.02,0.25001,0.0,0.11
81.157,grasp,0.15345,0.02,0.25001,0.0,0.11
81.367,grasp,0.15345,0.02,0.25001,0.0,0.11
81.552,grasp,0.15345,0.02,0.25001,0.0,0.11
81.793,grasp,0.15345,0.02,0.25001,0.0,0.11
82.006,grasp,0.15345,0.02,0.25001,0.0,0.11
82.177,grasp,0.15345,0.02,0.25001,0.0,0.11
82.348,grasp,0.15345,0.02,0.25001,0.0,0.11
82.515,grasp,0.15345,0.02,0.25001,0.0,0.11
82.734,grasp,0.15345,0.02,0.25001,0.0,0.11
82.923,grasp,0.15345,0.02,0.25001,0.0,0.11
83.128,grasp,0.15345,0.02,0.25001,0.0,0.11
83.302,grasp,0.15345,0.02,0.25001,0.0,0.11
83.475,grasp,0.15345,0.02,0.25001,0.0,0.11
83.671,grasp,0.15345,0.02,0.25001,0.0,0.11
83.847,grasp,0.15345,0.02,0.25001,0.0,0.11
84.019,grasp,0.15345,0.02,0.25001,0.0,0.11
84.2,grasp,0.15345,0.02,0.25001,0.0,0.11
84.387,grasp,0.15345,0.02,0.25001,0.0,0.11
84.573,grasp,0.15345,0.02,0.25001,0.0,0.11
84.754,grasp,0.15345,0.02,0.25001,0.0,0.11
84.916,grasp,0.15345,0.02,0.25001,0.0,0.11
85.11,grasp,0.15345,0.02,0.25001,0.0,0.11
85.273,grasp,0.15345,0.02,0.25001,0.0,0.11
85.47,grasp,0.15345,0.02,0.25001,0.0,0.11
85.678,grasp,0.15345,0.02,0.25001,0.0,0.11
85.896,grasp,0.15345,0.02,0.25001,0.0,0.11
86.082,grasp,0.15345,0.02,0.25001,0.0,0.11
86.246,grasp,0.15345,0.02,0.25001,0.0,0.11
86.438,grasp,0.15345,0.02,0.25001,0.0,0.11
86.634,grasp,0.15345,0.02,0.25001,0.0,0.11
86.802,grasp,0.15345,0.02,0.25001,0.0,0.11
86.97,grasp,0.15345,0.02,0.25001,0.0,0.11
87.146,grasp,0.15345,0.02,0.25001,0.0,0.11
87.305,grasp,0.15345,0.02,0.25001,0.0,0.11
87.466,grasp,0.15345,0.02,0.25001,0.0,0.11
87.642,grasp,0.15345,0.02,0.25001,0.0,0.11
87.807,grasp,0.15345,0.02,0.25001,0.0,0.11
87.97,grasp,0.15345,0.02,0.25001,0.0,0.11
88.147,grasp,0.15345,0.02,0.25001,0.0,0.11
88.327,grasp,0.15345,0.02,0.25001,0.0,0.11
88.512,grasp,0.15345,0.02,0.25001,0.0,0.11
88.7,grasp,0.15345,0.02,0.25001,0.0,0.11
88.889,grasp,0.15345,0.02,0.25001,0.0,0.11
89.062,grasp,0.15345,0.02,0.25001,0.0,0.11
89.227,grasp,0.15345,0.02,0.25001,0.0,0.11
89.405,grasp,0.15345,0.02,0.25001,0.0,0.11
89.572,grasp,0.15345,0.02,0.25001,0.0,0.11
89.753,grasp,0.15345,0.02,0.25001,0.0,0.11
89.924,grasp,0.15345,0.02,0.25001,0.0,0.11
90.11,grasp,0.15345,0.02,0.25001,0.0,0.11
90.3,grasp,0.15345,0.02,0.25001,0.0,0.11
90.467,grasp,0.15345,0.02,0.25001,0.0,0.11
90.642,grasp,0.15345,0.02,0.25001,0.0,0.11
90.86,grasp,0.15345,0.02,0.25001,0.0,0.11
91.031,grasp,0.15345,0.02,0.25001,0.0,0.11
91.22,grasp,0.15345,0.02,0.25001,0.0,0.11
91.396,grasp,0.15345,0.02,0.25001,0.0,0.11
91.568,grasp,0.15345,0.02,0.25001,0.0,0.11
91.754,grasp,0.15345,0.02,0.25001,0.0,0.11
91.914,grasp,0.15345,0.02,0.25001,0.0,0.11
92.097,grasp,0.15345,0.02,0.25001,0.0,0.11
92.281,grasp,0.15345,0.02,0.25001,0.0,0.11
92.472,grasp,0.15345,0.02,0.25001,0.0,0.11
92.665,grasp,0.15345,0.02,0.25001,0.0,0.11
92.882,grasp,0.15345,0.02,0.25001,0.0,0.11
93.123,grasp,0.15345,0.02,0.25001,0.0,0.11
93.398,grasp,0.15345,0.02,0.25001,0.0,0.11
93.666,grasp,0.15345,0.02,0.25001,0.0,0.11
93.893,grasp,0.15345,0.02,0.25001,0.0,0.11
94.091,grasp,0.15345,0.02,0.25001,0.0,0.11
94.28,grasp,0.15345,0.02,0.25001,0.0,0.11
94.502,grasp,0.15345,0.02,0.25001,0.0,0.11
94.83,grasp,0.15345,0.02,0.25001,0.0,0.11
95.087,grasp,0.15345,0.02,0.25001,0.0,0.11
95.376,grasp,0.15345,0.02,0.25001,0.0,0.11
